{"cameraMode":{"drawMode":0,"name":"Shaded","section":"Shading Mode"},"sceneLighting":true,"audioPlay":false,"sceneViewState":{"m_AlwaysRefresh":false,"showFog":true,"showSkybox":true,"showFlares":true,"showImageEffects":true,"showParticleSystems":true,"showVisualEffectGraphs":true,"m_FxEnabled":true},"in2DMode":false,"pivot":{"x":-18.807125091552736,"y":-2.5763087272644045,"z":-6.0917887687683109},"rotation":{"x":-0.10355854034423828,"y":-0.03520478308200836,"z":0.0036679019685834648,"w":-0.9939947128295898},"size":535.2838134765625,"orthographic":false}